{
  "target_fraction": 0.45,
  "removed_channels": 114,
  "cumulative_fraction": 0.45,
  "pre_recovery_accuracy": 0.8298796376721678,
  "post_recovery_accuracy": 0.8582950738305001,
  "best_recovery_accuracy": 0.8582950738305001,
  "best_recovery_epoch": 4,
  "learning_rate": 5e-05,
  "per_block": {
    "11": {
      "removed_channels": [
        9,
        49,
        52,
        57,
        58,
        72,
        73,
        74,
        75,
        89,
        92,
        95,
        100,
        112,
        133,
        149,
        168,
        171,
        179,
        196,
        197,
        204,
        222,
        226,
        237,
        254,
        255,
        279,
        289,
        313,
        315,
        320,
        324,
        340,
        348,
        349,
        356,
        370,
        374,
        389,
        396,
        397,
        405,
        407,
        429,
        432,
        439,
        446,
        448,
        451,
        465,
        474,
        481,
        489,
        496,
        508,
        523,
        529,
        534,
        544,
        548,
        562,
        569,
        572
      ],
      "remaining": 111
    },
    "10": {
      "removed_channels": [
        22,
        30,
        86,
        91,
        96,
        105,
        113,
        118,
        141,
        157,
        199,
        200,
        212,
        218,
        238,
        244,
        263,
        282,
        304,
        331,
        335,
        382,
        386,
        391,
        417,
        419,
        453,
        461,
        479,
        483,
        488,
        514,
        532,
        533,
        543,
        558,
        570
      ],
      "remaining": 93
    },
    "5": {
      "removed_channels": [
        6,
        33,
        72,
        110,
        160,
        177,
        221
      ],
      "remaining": 217
    },
    "8": {
      "removed_channels": [
        83,
        133
      ],
      "remaining": 136
    },
    "6": {
      "removed_channels": [
        21,
        168,
        231
      ],
      "remaining": 223
    },
    "4": {
      "removed_channels": [
        35
      ],
      "remaining": 94
    }
  },
  "complexity": {
    "param_count": 1021522,
    "macs": 9472558
  },
  "acceptance_message": null
}