{
  "target_fraction": 0.65,
  "removed_channels": 114,
  "cumulative_fraction": 0.65,
  "pre_recovery_accuracy": 0.8340985233899988,
  "post_recovery_accuracy": 0.8604045166894155,
  "best_recovery_accuracy": 0.8604045166894155,
  "best_recovery_epoch": 4,
  "learning_rate": 5e-05,
  "per_block": {
    "5": {
      "removed_channels": [
        0,
        7,
        41,
        44,
        52,
        83,
        84,
        86,
        90,
        105,
        107,
        123,
        125,
        136,
        151,
        162,
        168,
        188,
        189,
        195,
        233
      ],
      "remaining": 146
    },
    "9": {
      "removed_channels": [
        32,
        33,
        43,
        44,
        64,
        82,
        86,
        101,
        112,
        121,
        127,
        131,
        145,
        149,
        160,
        162,
        186,
        252,
        262,
        271,
        272,
        279
      ],
      "remaining": 248
    },
    "8": {
      "removed_channels": [
        3,
        11,
        14,
        16,
        19,
        38,
        40,
        41,
        42,
        45,
        46,
        50,
        52,
        63,
        69,
        77,
        82,
        84,
        94,
        98,
        99,
        101,
        110,
        112,
        115,
        126,
        134,
        140,
        142
      ],
      "remaining": 71
    },
    "6": {
      "removed_channels": [
        9,
        12,
        27,
        38,
        42,
        49,
        52,
        53,
        55,
        56,
        60,
        73,
        81,
        82,
        84,
        88,
        99,
        125,
        126,
        139,
        140,
        143,
        158,
        162,
        163,
        177,
        183,
        196,
        210,
        212,
        217,
        221,
        224,
        230,
        239
      ],
      "remaining": 125
    },
    "3": {
      "removed_channels": [
        40,
        59
      ],
      "remaining": 69
    },
    "4": {
      "removed_channels": [
        49,
        61
      ],
      "remaining": 88
    },
    "7": {
      "removed_channels": [
        72,
        81,
        99
      ],
      "remaining": 112
    }
  },
  "complexity": {
    "param_count": 867190,
    "macs": 7837238
  },
  "acceptance_message": null
}