{
  "target_fraction": 0.55,
  "removed_channels": 114,
  "cumulative_fraction": 0.55,
  "pre_recovery_accuracy": 0.8138726889192207,
  "post_recovery_accuracy": 0.8602804318153617,
  "best_recovery_accuracy": 0.8602804318153617,
  "best_recovery_epoch": 9,
  "learning_rate": 5e-05,
  "per_block": {
    "10": {
      "removed_channels": [
        1,
        4,
        12,
        27,
        42,
        58,
        62,
        72,
        82,
        98,
        110,
        119,
        128,
        162,
        169,
        195,
        204,
        215,
        224,
        228,
        236,
        287,
        288,
        297,
        317,
        357,
        383,
        423,
        428,
        444,
        468,
        473,
        520,
        527
      ],
      "remaining": 19
    },
    "11": {
      "removed_channels": [
        3,
        8,
        10,
        61,
        63,
        70,
        83,
        86,
        129,
        146,
        170,
        174,
        198,
        215,
        221,
        225,
        247,
        252,
        275,
        281,
        282,
        296,
        345,
        390,
        426,
        428,
        435,
        441,
        445,
        450,
        452,
        454,
        472,
        476,
        482,
        491,
        499,
        509,
        538,
        553,
        554
      ],
      "remaining": 16
    },
    "5": {
      "removed_channels": [
        5,
        31,
        38,
        69,
        78,
        100,
        126,
        127,
        145,
        159,
        179,
        201,
        209,
        226,
        235
      ],
      "remaining": 197
    },
    "8": {
      "removed_channels": [
        8,
        10,
        18,
        27,
        57,
        60,
        78
      ],
      "remaining": 127
    },
    "6": {
      "removed_channels": [
        19,
        30,
        41,
        71,
        94,
        101,
        131,
        133,
        159,
        171,
        190,
        204,
        218,
        237,
        238
      ],
      "remaining": 197
    },
    "4": {
      "removed_channels": [
        79
      ],
      "remaining": 93
    },
    "9": {
      "removed_channels": [
        283
      ],
      "remaining": 279
    }
  },
  "complexity": {
    "param_count": 921434,
    "macs": 8826350
  },
  "acceptance_message": null
}