{
  "target_fraction": 0.35,
  "removed_channels": 114,
  "cumulative_fraction": 0.35,
  "pre_recovery_accuracy": 0.8467551805434917,
  "post_recovery_accuracy": 0.8611490259337387,
  "best_recovery_accuracy": 0.8611490259337387,
  "best_recovery_epoch": 3,
  "learning_rate": 5e-05,
  "per_block": {
    "11": {
      "removed_channels": [
        4,
        7,
        11,
        19,
        28,
        32,
        40,
        43,
        56,
        66,
        87,
        116,
        130,
        139,
        144,
        161,
        165,
        176,
        184,
        195,
        202,
        208,
        209,
        212,
        232,
        244,
        262,
        278,
        308,
        309,
        321,
        333,
        335,
        347,
        353,
        366,
        367,
        368,
        387,
        415,
        418,
        423,
        427,
        457,
        459,
        462,
        463,
        473,
        492,
        502,
        512,
        513,
        514,
        524,
        543,
        546,
        558,
        563,
        565,
        566,
        574
      ],
      "remaining": 241
    },
    "10": {
      "removed_channels": [
        9,
        31,
        52,
        77,
        78,
        95,
        136,
        137,
        138,
        152,
        156,
        161,
        165,
        174,
        194,
        213,
        223,
        234,
        256,
        284,
        312,
        322,
        329,
        350,
        370,
        372,
        377,
        420,
        430,
        449,
        464,
        467,
        472,
        484,
        485,
        491,
        498,
        509,
        524,
        526,
        538,
        547,
        554
      ],
      "remaining": 167
    },
    "6": {
      "removed_channels": [
        77,
        167
      ],
      "remaining": 229
    },
    "4": {
      "removed_channels": [
        71
      ],
      "remaining": 95
    },
    "5": {
      "removed_channels": [
        61,
        63,
        67,
        156,
        183
      ],
      "remaining": 230
    },
    "8": {
      "removed_channels": [
        26,
        35
      ],
      "remaining": 140
    }
  },
  "complexity": {
    "param_count": 1131050,
    "macs": 10052522
  },
  "acceptance_message": null
}