{
  "target_fraction": 0.7,
  "removed_channels": 114,
  "cumulative_fraction": 0.7,
  "pre_recovery_accuracy": 0.8197046779997519,
  "post_recovery_accuracy": 0.8530835091202382,
  "best_recovery_accuracy": 0.8530835091202382,
  "best_recovery_epoch": 9,
  "learning_rate": 5e-05,
  "per_block": {
    "8": {
      "removed_channels": [
        21,
        23,
        24,
        25,
        31,
        39,
        43,
        53,
        72,
        79,
        90,
        95,
        96,
        105,
        113,
        122,
        127,
        128,
        129,
        139
      ],
      "remaining": 51
    },
    "5": {
      "removed_channels": [
        3,
        12,
        14,
        22,
        25,
        39,
        51,
        65,
        68,
        71,
        88,
        96,
        99,
        113,
        119,
        121,
        124,
        132,
        134,
        137,
        138,
        141,
        150,
        157,
        161,
        164,
        198,
        200,
        206,
        214,
        216,
        218,
        219,
        225,
        229
      ],
      "remaining": 111
    },
    "6": {
      "removed_channels": [
        0,
        17,
        18,
        20,
        33,
        34,
        36,
        39,
        44,
        78,
        98,
        112,
        135,
        165,
        189,
        191,
        194,
        199,
        200,
        232,
        233
      ],
      "remaining": 104
    },
    "9": {
      "removed_channels": [
        2,
        7,
        10,
        17,
        37,
        42,
        49,
        56,
        63,
        72,
        91,
        93,
        96,
        108,
        133,
        148,
        182,
        208,
        217,
        222,
        229,
        233,
        235,
        242,
        258,
        270,
        282,
        287
      ],
      "remaining": 220
    },
    "7": {
      "removed_channels": [
        10,
        25,
        66,
        98,
        118
      ],
      "remaining": 107
    },
    "4": {
      "removed_channels": [
        69,
        87
      ],
      "remaining": 86
    },
    "3": {
      "removed_channels": [
        29,
        64,
        76
      ],
      "remaining": 66
    }
  },
  "complexity": {
    "param_count": 839461,
    "macs": 7353175
  },
  "acceptance_message": null
}