{
  "target_fraction": 0.3,
  "removed_channels": 114,
  "cumulative_fraction": 0.3,
  "pre_recovery_accuracy": 0.8478719444099764,
  "post_recovery_accuracy": 0.8621417049261695,
  "best_recovery_accuracy": 0.8621417049261695,
  "best_recovery_epoch": 4,
  "learning_rate": 5e-05,
  "per_block": {
    "11": {
      "removed_channels": [
        5,
        22,
        25,
        31,
        38,
        42,
        46,
        81,
        96,
        99,
        104,
        114,
        123,
        124,
        126,
        145,
        154,
        156,
        162,
        172,
        182,
        183,
        194,
        201,
        216,
        238,
        242,
        243,
        277,
        287,
        293,
        298,
        305,
        311,
        314,
        319,
        323,
        351,
        378,
        382,
        385,
        395,
        401,
        406,
        412,
        416,
        440,
        461,
        464,
        471,
        484,
        498,
        507,
        526,
        533,
        536,
        549,
        561,
        564,
        567
      ],
      "remaining": 302
    },
    "10": {
      "removed_channels": [
        24,
        76,
        79,
        99,
        111,
        122,
        131,
        146,
        149,
        150,
        151,
        163,
        166,
        171,
        175,
        191,
        198,
        210,
        216,
        226,
        240,
        259,
        293,
        295,
        303,
        308,
        333,
        347,
        351,
        366,
        369,
        390,
        434,
        436,
        438,
        442,
        455,
        460,
        480,
        493,
        502,
        510,
        534,
        551,
        567,
        574
      ],
      "remaining": 210
    },
    "9": {
      "removed_channels": [
        69,
        113
      ],
      "remaining": 282
    },
    "5": {
      "removed_channels": [
        23
      ],
      "remaining": 235
    },
    "6": {
      "removed_channels": [
        7,
        13,
        166,
        211
      ],
      "remaining": 231
    },
    "8": {
      "removed_channels": [
        48
      ],
      "remaining": 142
    }
  },
  "complexity": {
    "param_count": 1186310,
    "macs": 10339868
  },
  "acceptance_message": null
}