{
  "target_fraction": 0.15,
  "removed_channels": 114,
  "cumulative_fraction": 0.15,
  "pre_recovery_accuracy": 0.8586673284526616,
  "post_recovery_accuracy": 0.8631343839186003,
  "best_recovery_accuracy": 0.8631343839186003,
  "best_recovery_epoch": 2,
  "learning_rate": 0.0001,
  "per_block": {
    "10": {
      "removed_channels": [
        16,
        19,
        28,
        37,
        46,
        56,
        57,
        60,
        69,
        71,
        73,
        75,
        80,
        93,
        94,
        139,
        143,
        147,
        158,
        173,
        196,
        202,
        203,
        206,
        207,
        214,
        221,
        230,
        231,
        253,
        255,
        266,
        270,
        273,
        274,
        277,
        283,
        286,
        292,
        298,
        306,
        313,
        316,
        319,
        325,
        356,
        363,
        375,
        395,
        398,
        405,
        406,
        409,
        411,
        424,
        431,
        447,
        457,
        459,
        476,
        486,
        487,
        511,
        513,
        518,
        521,
        523,
        529,
        531,
        542,
        546,
        557,
        573
      ],
      "remaining": 369
    },
    "11": {
      "removed_channels": [
        30,
        34,
        64,
        67,
        71,
        77,
        88,
        127,
        131,
        136,
        137,
        223,
        227,
        266,
        271,
        276,
        294,
        328,
        332,
        358,
        372,
        380,
        384,
        409,
        420,
        443,
        456,
        467,
        468,
        479,
        497,
        510,
        516,
        530,
        531,
        559,
        568
      ],
      "remaining": 468
    },
    "9": {
      "removed_channels": [
        224
      ],
      "remaining": 285
    },
    "7": {
      "removed_channels": [
        110
      ],
      "remaining": 119
    },
    "5": {
      "removed_channels": [
        205
      ],
      "remaining": 239
    },
    "8": {
      "removed_channels": [
        106
      ],
      "remaining": 143
    }
  },
  "complexity": {
    "param_count": 1356258,
    "macs": 11164310
  },
  "acceptance_message": null
}