{
  "target_fraction": 0.4,
  "removed_channels": 114,
  "cumulative_fraction": 0.4,
  "pre_recovery_accuracy": 0.832981759523514,
  "post_recovery_accuracy": 0.8599081771932001,
  "best_recovery_accuracy": 0.8599081771932001,
  "best_recovery_epoch": 5,
  "learning_rate": 5e-05,
  "per_block": {
    "11": {
      "removed_channels": [
        1,
        16,
        18,
        24,
        36,
        41,
        44,
        45,
        54,
        55,
        59,
        62,
        76,
        79,
        107,
        111,
        128,
        132,
        142,
        155,
        158,
        159,
        169,
        187,
        188,
        192,
        203,
        210,
        213,
        248,
        249,
        258,
        267,
        269,
        280,
        285,
        288,
        301,
        302,
        317,
        326,
        330,
        344,
        361,
        363,
        375,
        383,
        386,
        400,
        408,
        410,
        413,
        430,
        434,
        453,
        469,
        485,
        488,
        490,
        505,
        519,
        527,
        537,
        539,
        560,
        575
      ],
      "remaining": 175
    },
    "10": {
      "removed_channels": [
        6,
        20,
        25,
        33,
        43,
        63,
        83,
        112,
        114,
        176,
        192,
        249,
        251,
        264,
        267,
        291,
        301,
        309,
        324,
        337,
        364,
        376,
        392,
        414,
        416,
        451,
        456,
        462,
        503,
        519,
        522,
        536,
        537,
        550,
        553,
        559,
        569
      ],
      "remaining": 130
    },
    "6": {
      "removed_channels": [
        79,
        201,
        225
      ],
      "remaining": 226
    },
    "5": {
      "removed_channels": [
        9,
        108,
        131,
        139,
        213,
        215
      ],
      "remaining": 224
    },
    "8": {
      "removed_channels": [
        13,
        47
      ],
      "remaining": 138
    }
  },
  "complexity": {
    "param_count": 1075966,
    "macs": 9765634
  },
  "acceptance_message": null
}