{
  "target_fraction": 0.2,
  "removed_channels": 114,
  "cumulative_fraction": 0.2,
  "pre_recovery_accuracy": 0.8528353393721305,
  "post_recovery_accuracy": 0.8612731108077926,
  "best_recovery_accuracy": 0.8612731108077926,
  "best_recovery_epoch": 3,
  "learning_rate": 5e-05,
  "per_block": {
    "11": {
      "removed_channels": [
        13,
        14,
        17,
        27,
        35,
        50,
        60,
        84,
        90,
        109,
        115,
        117,
        134,
        173,
        178,
        186,
        199,
        206,
        224,
        229,
        236,
        250,
        253,
        264,
        270,
        274,
        303,
        306,
        310,
        322,
        325,
        327,
        329,
        357,
        369,
        381,
        391,
        392,
        394,
        398,
        399,
        431,
        447,
        486,
        515,
        517,
        545,
        552,
        557
      ],
      "remaining": 419
    },
    "10": {
      "removed_channels": [
        2,
        5,
        7,
        18,
        23,
        26,
        35,
        36,
        49,
        55,
        64,
        66,
        67,
        70,
        74,
        90,
        101,
        103,
        104,
        127,
        132,
        140,
        142,
        154,
        155,
        182,
        208,
        219,
        243,
        246,
        247,
        250,
        260,
        268,
        278,
        305,
        315,
        328,
        334,
        341,
        345,
        355,
        359,
        368,
        373,
        393,
        401,
        404,
        415,
        429,
        439,
        452,
        463,
        466,
        475,
        495,
        504,
        507,
        508,
        515,
        544,
        568
      ],
      "remaining": 307
    },
    "7": {
      "removed_channels": [
        15
      ],
      "remaining": 118
    },
    "9": {
      "removed_channels": [
        50
      ],
      "remaining": 284
    },
    "6": {
      "removed_channels": [
        236
      ],
      "remaining": 238
    }
  },
  "complexity": {
    "param_count": 1298910,
    "macs": 10894616
  },
  "acceptance_message": null
}