{
  "target_fraction": 0.5,
  "removed_channels": 114,
  "cumulative_fraction": 0.5,
  "pre_recovery_accuracy": 0.833105844397568,
  "post_recovery_accuracy": 0.8601563469413078,
  "best_recovery_accuracy": 0.8601563469413078,
  "best_recovery_epoch": 6,
  "learning_rate": 5e-05,
  "per_block": {
    "10": {
      "removed_channels": [
        34,
        39,
        45,
        53,
        81,
        87,
        107,
        115,
        116,
        121,
        148,
        167,
        172,
        184,
        185,
        190,
        239,
        242,
        248,
        276,
        300,
        326,
        327,
        339,
        348,
        384,
        387,
        400,
        422,
        426,
        427,
        445,
        454,
        458,
        471,
        478,
        492,
        545,
        565,
        572
      ],
      "remaining": 53
    },
    "11": {
      "removed_channels": [
        0,
        12,
        15,
        23,
        51,
        65,
        68,
        85,
        91,
        94,
        118,
        121,
        125,
        135,
        138,
        140,
        148,
        164,
        166,
        167,
        175,
        177,
        185,
        193,
        217,
        219,
        220,
        231,
        234,
        235,
        245,
        257,
        259,
        263,
        272,
        300,
        334,
        336,
        365,
        371,
        373,
        377,
        422,
        436,
        438,
        455,
        478,
        501,
        504,
        511,
        518,
        542,
        547,
        550
      ],
      "remaining": 57
    },
    "9": {
      "removed_channels": [
        23,
        256
      ],
      "remaining": 280
    },
    "5": {
      "removed_channels": [
        11,
        48,
        116,
        173,
        228
      ],
      "remaining": 212
    },
    "6": {
      "removed_channels": [
        29,
        65,
        92,
        97,
        107,
        115,
        116,
        128,
        179,
        209,
        223
      ],
      "remaining": 212
    },
    "8": {
      "removed_channels": [
        7,
        119
      ],
      "remaining": 134
    }
  },
  "complexity": {
    "param_count": 968726,
    "macs": 9170644
  },
  "acceptance_message": null
}