{
  "target_fraction": 0.75,
  "removed_channels": 114,
  "cumulative_fraction": 0.75,
  "pre_recovery_accuracy": 0.8106464821938206,
  "post_recovery_accuracy": 0.8491127931505149,
  "best_recovery_accuracy": 0.8491127931505149,
  "best_recovery_epoch": 8,
  "learning_rate": 5e-05,
  "per_block": {
    "5": {
      "removed_channels": [
        24,
        35,
        36,
        37,
        46,
        50,
        58,
        59,
        60,
        62,
        81,
        92,
        102,
        111,
        117,
        120,
        135,
        147,
        154,
        167,
        171,
        184,
        208,
        237,
        239
      ],
      "remaining": 86
    },
    "9": {
      "removed_channels": [
        6,
        13,
        18,
        27,
        40,
        52,
        53,
        62,
        65,
        66,
        67,
        78,
        97,
        99,
        104,
        114,
        123,
        124,
        134,
        135,
        137,
        143,
        147,
        167,
        184,
        187,
        193,
        199,
        201,
        211,
        215,
        221,
        228,
        232,
        237,
        239,
        247,
        249,
        254,
        265,
        276,
        278,
        285
      ],
      "remaining": 177
    },
    "8": {
      "removed_channels": [
        1,
        6,
        28,
        29,
        33,
        49,
        62,
        74,
        87,
        103,
        108,
        116,
        120,
        121,
        125,
        136,
        137,
        143
      ],
      "remaining": 33
    },
    "7": {
      "removed_channels": [
        14,
        39,
        45,
        60,
        62,
        101,
        104
      ],
      "remaining": 100
    },
    "6": {
      "removed_channels": [
        1,
        6,
        24,
        50,
        62,
        74,
        114,
        137,
        144,
        146,
        150,
        153,
        182,
        220
      ],
      "remaining": 90
    },
    "3": {
      "removed_channels": [
        23,
        35,
        51,
        57,
        73,
        83
      ],
      "remaining": 60
    },
    "4": {
      "removed_channels": [
        84
      ],
      "remaining": 85
    }
  },
  "complexity": {
    "param_count": 811015,
    "macs": 6872937
  },
  "acceptance_message": "Stopping: accuracy 0.8491 below baseline threshold 0.8500."
}