{
  "target_fraction": 0.25,
  "removed_channels": 114,
  "cumulative_fraction": 0.25,
  "pre_recovery_accuracy": 0.8556892914753692,
  "post_recovery_accuracy": 0.8620176200521157,
  "best_recovery_accuracy": 0.8620176200521157,
  "best_recovery_epoch": 3,
  "learning_rate": 5e-05,
  "per_block": {
    "10": {
      "removed_channels": [
        0,
        3,
        11,
        15,
        32,
        59,
        61,
        68,
        89,
        97,
        109,
        124,
        159,
        177,
        186,
        188,
        197,
        201,
        209,
        227,
        229,
        232,
        235,
        237,
        257,
        269,
        272,
        275,
        279,
        281,
        285,
        336,
        340,
        346,
        354,
        360,
        402,
        408,
        413,
        418,
        443,
        446,
        469,
        535,
        539,
        541,
        552,
        556,
        561,
        563,
        566
      ],
      "remaining": 256
    },
    "5": {
      "removed_channels": [
        18,
        133,
        165
      ],
      "remaining": 236
    },
    "11": {
      "removed_channels": [
        2,
        21,
        37,
        53,
        69,
        82,
        93,
        101,
        102,
        105,
        106,
        110,
        120,
        122,
        150,
        151,
        157,
        180,
        181,
        200,
        205,
        207,
        230,
        246,
        265,
        268,
        273,
        284,
        286,
        290,
        291,
        292,
        299,
        337,
        350,
        352,
        354,
        362,
        364,
        376,
        388,
        404,
        411,
        414,
        424,
        433,
        458,
        466,
        480,
        495,
        500,
        506,
        522,
        528,
        532,
        541,
        551
      ],
      "remaining": 362
    },
    "6": {
      "removed_channels": [
        51,
        136,
        141
      ],
      "remaining": 235
    }
  },
  "complexity": {
    "param_count": 1242402,
    "macs": 10618334
  },
  "acceptance_message": null
}