{
  "target_fraction": 0.1,
  "removed_channels": 228,
  "cumulative_fraction": 0.1,
  "pre_recovery_accuracy": 0.8577987343342847,
  "post_recovery_accuracy": 0.8653679116515697,
  "best_recovery_accuracy": 0.8653679116515697,
  "best_recovery_epoch": 5,
  "learning_rate": 0.0001,
  "per_block": {
    "3": {
      "removed_channels": [
        0,
        4,
        20,
        22,
        24,
        27,
        28,
        46,
        56,
        66,
        68,
        70,
        79,
        81,
        82
      ],
      "remaining": 73
    },
    "2": {
      "removed_channels": [
        15,
        20,
        35,
        36,
        38
      ],
      "remaining": 67
    },
    "11": {
      "removed_channels": [
        26,
        29,
        33,
        39,
        47,
        78,
        97,
        98,
        108,
        113,
        119,
        141,
        143,
        147,
        152,
        153,
        160,
        163,
        189,
        190,
        214,
        218,
        228,
        233,
        239,
        240,
        241,
        251,
        256,
        260,
        297,
        304,
        312,
        316,
        331,
        338,
        339,
        341,
        342,
        346,
        355,
        359,
        360,
        393,
        402,
        403,
        417,
        419,
        421,
        425,
        437,
        442,
        444,
        449,
        460,
        470,
        475,
        483,
        487,
        493,
        494,
        503,
        520,
        521,
        525,
        535,
        540,
        556,
        570,
        571,
        573
      ],
      "remaining": 505
    },
    "10": {
      "removed_channels": [
        8,
        10,
        13,
        14,
        17,
        21,
        29,
        38,
        40,
        41,
        44,
        47,
        50,
        51,
        54,
        65,
        85,
        88,
        92,
        102,
        106,
        108,
        117,
        120,
        123,
        125,
        130,
        133,
        134,
        135,
        144,
        145,
        160,
        164,
        168,
        170,
        178,
        179,
        180,
        181,
        183,
        187,
        189,
        193,
        211,
        217,
        220,
        222,
        225,
        233,
        245,
        252,
        254,
        258,
        261,
        262,
        265,
        280,
        289,
        290,
        294,
        296,
        299,
        307,
        310,
        311,
        314,
        320,
        323,
        330,
        338,
        342,
        344,
        349,
        352,
        353,
        361,
        365,
        367,
        371,
        374,
        378,
        379,
        380,
        385,
        388,
        389,
        394,
        396,
        397,
        399,
        403,
        407,
        410,
        412,
        421,
        425,
        432,
        433,
        435,
        437,
        440,
        441,
        448,
        450,
        470,
        474,
        477,
        481,
        482,
        489,
        490,
        494,
        496,
        497,
        499,
        500,
        501,
        506,
        512,
        516,
        517,
        525,
        528,
        530,
        540,
        548,
        549,
        555,
        560,
        562,
        564,
        571,
        575
      ],
      "remaining": 442
    },
    "6": {
      "removed_channels": [
        83
      ],
      "remaining": 239
    },
    "9": {
      "removed_channels": [
        153,
        275
      ],
      "remaining": 286
    }
  },
  "complexity": {
    "param_count": 1413302,
    "macs": 11436442
  },
  "acceptance_message": null
}