{
  "target_fraction": 0.3,
  "removed_channels": 68,
  "cumulative_fraction": 0.3,
  "pre_recovery_accuracy": 0.8518426603796997,
  "post_recovery_accuracy": 0.8620176200521157,
  "best_recovery_accuracy": 0.8620176200521157,
  "best_recovery_epoch": 5,
  "learning_rate": 5e-05,
  "per_block": {
    "8": {
      "removed_channels": [
        48
      ],
      "remaining": 142
    },
    "11": {
      "removed_channels": [
        5,
        31,
        38,
        42,
        46,
        81,
        87,
        96,
        104,
        114,
        124,
        126,
        145,
        162,
        182,
        194,
        238,
        277,
        293,
        311,
        314,
        323,
        351,
        378,
        385,
        406,
        416,
        440,
        464,
        471,
        484,
        498,
        526,
        536,
        549,
        565
      ],
      "remaining": 302
    },
    "10": {
      "removed_channels": [
        24,
        79,
        99,
        111,
        122,
        131,
        146,
        150,
        171,
        191,
        210,
        216,
        240,
        259,
        293,
        303,
        308,
        347,
        351,
        369,
        390,
        434,
        438,
        442,
        455,
        498,
        502,
        551,
        574
      ],
      "remaining": 210
    },
    "6": {
      "removed_channels": [
        167,
        211
      ],
      "remaining": 231
    }
  },
  "complexity": {
    "param_count": 1186310,
    "macs": 10339868
  },
  "acceptance_message": null
}